pot,abbrev,country,team,id
1,PSG,FRA,Paris,52747
1,RMA,ESP,Real Madrid,50051
1,MCI,ENG,Man City,52919
1,BAY,GER,Bayern München,50037
1,LIV,ENG,Liverpool,7889
1,INT,ITA,Inter,50138
1,CHE,ENG,Chelsea,52914
1,BVB,GER,B. Dortmund,52758
1,BAR,ESP,Barcelona,50080
2,ARS,ENG,Arsenal,52280
2,LEV,GER,Leverkusen,50109
2,ATM,ESP,Atleti,50124
2,BEN,POR,Benfica,50147
2,ATA,ITA,Atalanta,52816
2,VIL,ESP,Villarreal,70691
2,JUV,ITA,Juventus,50139
2,FRA,GER,Frankfurt,50072
2,BRU,BEL,Club Brugge,50043
3,TOT,ENG,Tottenham,1652
3,PSV,NED,PSV,50062
3,AJX,NED,Ajax,50143
3,NAP,ITA,Napoli,50136
3,SPO,POR,Sporting CP,50149
3,OLY,GRE,Olympiacos,2610
3,SLP,CZE,Slavia Praha,52498
3,BOD,NOR,Bodø/Glimt,59333
3,MAR,FRA,Marseille,52748
4,CPH,DEN,Copenhagen,52709
4,MON,FRA,Monaco,50023
4,GAL,TUR,Galatasaray,50067
4,USG,BEL,Union SG,64125
4,QAR,AZE,Qarabağ,60609
4,ATH,ESP,Athletic Club,50125
4,NEW,ENG,Newcastle,59324
4,PAF,CYP,Pafos,2609532
4,KAI,KAZ,Kairat Almaty,79970
